patient_id,true,disease,p_normal,p_dr,p_amd,image_count,pred
10303,0,NORMAL,0.6775196,0.09826326,0.22421713,304,NORMAL
10310,2,AMD,0.051165827,0.05722033,0.8916138,304,AMD
10322,0,NORMAL,0.66217405,0.12220035,0.21562564,304,NORMAL
10324,1,DR,0.3972814,0.4819901,0.12072851,304,DR
10330,0,NORMAL,0.7039837,0.06787001,0.22814627,304,NORMAL
10331,0,NORMAL,0.6670721,0.11645917,0.2164687,304,NORMAL
10350,0,NORMAL,0.69078267,0.08282972,0.22638765,304,NORMAL
10362,0,NORMAL,0.6703736,0.15016967,0.17945671,304,NORMAL
10364,1,DR,0.03028335,0.86122674,0.10848993,304,DR
10365,1,DR,0.5649136,0.29191282,0.14317358,304,NORMAL
10366,0,NORMAL,0.6946111,0.14440893,0.16098003,304,NORMAL
10369,0,NORMAL,0.69245195,0.102742,0.20480606,304,NORMAL
10371,0,NORMAL,0.7070283,0.06518909,0.22778255,304,NORMAL
10375,0,NORMAL,0.7004787,0.10505521,0.19446616,304,NORMAL
10376,0,NORMAL,0.67363,0.119167075,0.2072029,304,NORMAL
10383,0,NORMAL,0.66222924,0.16216372,0.17560703,304,NORMAL
10393,0,NORMAL,0.6930103,0.08326996,0.22371978,304,NORMAL
10396,0,NORMAL,0.68395513,0.12041321,0.19563168,304,NORMAL
10410,0,NORMAL,0.68861985,0.12961224,0.1817679,304,NORMAL
10412,0,NORMAL,0.63173103,0.2189258,0.14934315,304,NORMAL
10417,0,NORMAL,0.688786,0.10192945,0.20928459,304,NORMAL
10425,0,NORMAL,0.67799217,0.10215221,0.21985564,304,NORMAL
10428,0,NORMAL,0.6758723,0.112171836,0.21195588,304,NORMAL
10429,0,NORMAL,0.7013779,0.078299664,0.22032239,304,NORMAL
10432,1,DR,0.016217204,0.8767492,0.10703358,304,DR
10434,0,NORMAL,0.5922413,0.25014853,0.15761021,304,NORMAL
10435,0,NORMAL,0.66125894,0.14238024,0.19636083,304,NORMAL
10446,0,NORMAL,0.68278044,0.10376653,0.21345301,304,NORMAL
10452,0,NORMAL,0.6813289,0.119241536,0.19942957,304,NORMAL
10463,0,NORMAL,0.6259747,0.21993604,0.15408926,304,NORMAL
10465,0,NORMAL,0.68200624,0.10206737,0.21592636,304,NORMAL
10469,0,NORMAL,0.66312593,0.1643945,0.17247957,304,NORMAL
10478,0,NORMAL,0.66432106,0.11992631,0.21575263,304,NORMAL
10479,1,DR,0.09730146,0.801692,0.101006545,304,DR
10489,1,DR,0.014661974,0.8769204,0.10841766,304,DR
10490,0,NORMAL,0.69589657,0.10859372,0.19550972,304,NORMAL
10494,0,NORMAL,0.6669976,0.14807236,0.18493003,304,NORMAL
10497,0,NORMAL,0.6529388,0.15914902,0.18791217,304,NORMAL
