patient_id,disease,image_count,p_normal,p_dr,p_amd,pred_argmax,pred_threshold
10303,NORMAL,304,0.652532,0.07883926,0.26862875,NORMAL,NORMAL
10310,AMD,304,0.009453045,0.016561862,0.9739851,AMD,AMD
10322,NORMAL,304,0.6126306,0.12819533,0.25917405,NORMAL,NORMAL
10324,DR,304,0.30332112,0.47646323,0.22021565,DR,DR
10330,NORMAL,304,0.6481519,0.06387242,0.28797567,NORMAL,NORMAL
10331,NORMAL,304,0.6554435,0.070646904,0.2739096,NORMAL,NORMAL
10350,NORMAL,304,0.6552622,0.080044374,0.2646935,NORMAL,NORMAL
10362,NORMAL,304,0.6436848,0.106025696,0.25028953,NORMAL,NORMAL
10364,DR,304,0.03464809,0.81612706,0.14922483,DR,DR
10365,DR,304,0.32858178,0.48527232,0.1861459,DR,DR
10366,NORMAL,304,0.66202605,0.09301232,0.24496163,NORMAL,NORMAL
10369,NORMAL,304,0.6491478,0.061675522,0.2891767,NORMAL,NORMAL
10371,NORMAL,304,0.67142403,0.050314616,0.27826136,NORMAL,NORMAL
10375,NORMAL,304,0.6308966,0.07286191,0.2962415,NORMAL,NORMAL
10376,NORMAL,304,0.65062326,0.05485366,0.29452303,NORMAL,NORMAL
10383,NORMAL,304,0.6383319,0.09725546,0.26441264,NORMAL,NORMAL
10393,NORMAL,304,0.64017093,0.06745405,0.292375,NORMAL,NORMAL
10396,NORMAL,304,0.6517159,0.08857024,0.2597139,NORMAL,NORMAL
10410,NORMAL,304,0.6359523,0.08532855,0.2787192,NORMAL,NORMAL
10412,NORMAL,304,0.4974183,0.27415013,0.22843158,NORMAL,NORMAL
10417,NORMAL,304,0.6370139,0.079999946,0.28298616,NORMAL,NORMAL
10425,NORMAL,304,0.6451345,0.07442493,0.28044057,NORMAL,NORMAL
10428,NORMAL,304,0.66080064,0.07334327,0.26585612,NORMAL,NORMAL
10429,NORMAL,304,0.65282786,0.05322513,0.293947,NORMAL,NORMAL
10432,DR,304,0.008017067,0.84496325,0.14701962,DR,DR
10434,NORMAL,304,0.5367925,0.2128907,0.2503168,NORMAL,NORMAL
10435,NORMAL,304,0.637878,0.098428614,0.2636934,NORMAL,NORMAL
10446,NORMAL,304,0.63837785,0.083447054,0.2781751,NORMAL,NORMAL
10452,NORMAL,304,0.6279088,0.07585951,0.2962317,NORMAL,NORMAL
10463,NORMAL,304,0.6139842,0.13341542,0.2526004,NORMAL,NORMAL
10465,NORMAL,304,0.6443159,0.087122016,0.26856214,NORMAL,NORMAL
10469,NORMAL,304,0.6442056,0.07367849,0.28211594,NORMAL,NORMAL
10478,NORMAL,304,0.6356685,0.065448105,0.29888335,NORMAL,NORMAL
10479,DR,304,0.018679265,0.83591694,0.14540382,DR,DR
10489,DR,304,0.011161947,0.85344845,0.13538961,DR,DR
10490,NORMAL,304,0.6343871,0.0796558,0.28595713,NORMAL,NORMAL
10494,NORMAL,304,0.654352,0.05978244,0.28586555,NORMAL,NORMAL
10497,NORMAL,304,0.62742424,0.08673974,0.28583604,NORMAL,NORMAL
